MATCH_ID,SQUAD_NAME,PERIOD,preds,actuals
110870101,Geelong Cats,1,9.21381,-3.0
110870101,Geelong Cats,2,9.673044,2.0
110870101,Geelong Cats,3,11.820774,-13.0
110870101,Geelong Cats,4,12.5224495,-2.0
110870101,Port Adelaide,1,6.0604334,3.0
110870101,Port Adelaide,2,7.5888333,-2.0
110870101,Port Adelaide,3,6.483262,13.0
110870101,Port Adelaide,4,6.610693,2.0
110870102,Brisbane Lions,1,12.265665,-6.0
110870102,Brisbane Lions,2,7.6200857,19.0
110870102,Brisbane Lions,3,12.2954,8.0
110870102,Brisbane Lions,4,11.799649,-6.0
110870102,Richmond,1,6.7741423,6.0
110870102,Richmond,2,10.611932,-19.0
110870102,Richmond,3,5.5292163,-8.0
110870102,Richmond,4,8.91908,6.0
110870103,St Kilda,1,10.609743,-5.0
110870103,St Kilda,2,13.367201,12.0
110870103,St Kilda,3,12.342638,17.0
110870103,St Kilda,4,4.774199,-21.0
110870103,Western Bulldogs,1,6.138987,5.0
110870103,Western Bulldogs,2,7.5573993,-12.0
110870103,Western Bulldogs,3,7.0877275,-17.0
110870103,Western Bulldogs,4,11.103596,21.0
110870104,Collingwood,1,12.386571,16.0
110870104,Collingwood,2,7.7457924,-13.0
110870104,Collingwood,3,6.3791428,7.0
110870104,Collingwood,4,9.19591,-9.0
110870104,West Coast Eagles,1,6.3180304,-16.0
110870104,West Coast Eagles,2,9.499354,13.0
110870104,West Coast Eagles,3,12.39106,-7.0
110870104,West Coast Eagles,4,6.1192527,9.0
110870201,Richmond,1,12.074074,17.0
110870201,Richmond,2,5.544436,14.0
110870201,Richmond,3,6.0257626,-8.0
110870201,Richmond,4,12.527336,8.0
110870201,St Kilda,1,6.3636208,-17.0
110870201,St Kilda,2,10.587037,-14.0
110870201,St Kilda,3,12.7289915,8.0
110870201,St Kilda,4,7.086625,-8.0
110870202,Collingwood,1,7.662309,-22.0
110870202,Collingwood,2,7.778546,-32.0
110870202,Collingwood,3,5.98684,-1.0
110870202,Collingwood,4,7.450707,-13.0
110870202,Geelong Cats,1,12.6930895,22.0
110870202,Geelong Cats,2,12.689956,32.0
110870202,Geelong Cats,3,11.849462,1.0
110870202,Geelong Cats,4,11.771367,13.0
110870301,Port Adelaide,1,11.763815,2.0
110870301,Port Adelaide,2,10.106396,-2.0
110870301,Port Adelaide,3,10.321833,-2.0
110870301,Port Adelaide,4,5.9440246,-4.0
110870301,Richmond,1,5.790065,-2.0
110870301,Richmond,2,9.569032,2.0
110870301,Richmond,3,6.5100775,2.0
110870301,Richmond,4,12.082946,4.0
110870302,Brisbane Lions,1,5.4050956,-5.0
110870302,Brisbane Lions,2,12.362666,0.0
110870302,Brisbane Lions,3,6.1031427,-13.0
110870302,Brisbane Lions,4,6.4411526,-22.0
110870302,Geelong Cats,1,13.788833,5.0
110870302,Geelong Cats,2,5.972927,0.0
110870302,Geelong Cats,3,12.013703,13.0
110870302,Geelong Cats,4,12.490917,22.0
110870401,Geelong Cats,1,11.978237,1.0
110870401,Geelong Cats,2,11.726464,14.0
110870401,Geelong Cats,3,6.9203377,-17.0
110870401,Geelong Cats,4,7.3734756,-29.0
110870401,Richmond,1,5.402855,-1.0
110870401,Richmond,2,7.595261,-14.0
110870401,Richmond,3,12.426513,17.0
110870401,Richmond,4,5.7877607,29.0
216011393,St Kilda,1,6.4495215,8.0
216011393,St Kilda,2,6.6083603,14.0
216011393,St Kilda,3,6.4230185,-2.0
216011393,St Kilda,4,12.159002,33.0
216011393,Sydney Swans,1,10.222499,-8.0
216011393,Sydney Swans,2,12.202544,-14.0
216011393,Sydney Swans,3,11.491939,2.0
216011393,Sydney Swans,4,5.8514504,-33.0
216011873,Adelaide Crows,1,5.288896,-23.0
216011873,Adelaide Crows,2,12.771561,-11.0
216011873,Adelaide Crows,3,6.960249,3.0
216011873,Adelaide Crows,4,5.8590083,-38.0
216011873,North Melbourne,1,10.748918,23.0
216011873,North Melbourne,2,6.236484,11.0
216011873,North Melbourne,3,8.4482765,-3.0
216011873,North Melbourne,4,11.331617,38.0
216012433,Geelong Cats,1,10.611613,6.0
216012433,Geelong Cats,2,11.7384,10.0
216012433,Geelong Cats,3,13.258224,-8.0
216012433,Geelong Cats,4,7.179664,-17.0
216012433,West Coast Eagles,1,7.9950175,-6.0
216012433,West Coast Eagles,2,7.0626416,-10.0
216012433,West Coast Eagles,3,7.1208715,8.0
216012433,West Coast Eagles,4,11.209147,17.0
216013026,GWS Giants,1,10.630373,13.0
216013026,GWS Giants,2,10.686951,0.0
216013026,GWS Giants,3,11.387248,5.0
216013026,GWS Giants,4,11.167876,8.0
216013026,Gold Coast Suns,1,6.3727636,-13.0
216013026,Gold Coast Suns,2,7.531066,0.0
216013026,Gold Coast Suns,3,6.178309,-5.0
216013026,Gold Coast Suns,4,6.8547883,-8.0
216013874,Collingwood,1,5.8106976,8.0
216013874,Collingwood,2,7.3622184,-17.0
216013874,Collingwood,3,10.906502,13.0
216013874,Collingwood,4,6.381377,-16.0
216013874,Fremantle,1,12.144216,-8.0
216013874,Fremantle,2,11.637046,17.0
216013874,Fremantle,3,2.8781843,-13.0
216013874,Fremantle,4,11.6242695,16.0
216014435,Port Adelaide,1,10.828547,-9.0
216014435,Port Adelaide,2,11.464707,6.0
216014435,Port Adelaide,3,10.822614,26.0
216014435,Port Adelaide,4,11.429751,-10.0
216014435,Western Bulldogs,1,6.2395883,9.0
216014435,Western Bulldogs,2,6.3620386,-6.0
216014435,Western Bulldogs,3,5.5953417,-26.0
216014435,Western Bulldogs,4,6.493427,10.0
216019507,Essendon,1,5.333873,0.0
216019507,Essendon,2,11.859807,22.0
216019507,Essendon,3,12.745875,-6.0
216019507,Essendon,4,6.6737084,-20.0
216019507,GWS Giants,1,11.637887,0.0
216019507,GWS Giants,2,6.9813714,-22.0
216019507,GWS Giants,3,6.7585278,6.0
216019507,GWS Giants,4,12.018215,20.0
216020545,Geelong Cats,1,12.228393,7.0
216020545,Geelong Cats,2,12.204607,11.0
216020545,Geelong Cats,3,13.338882,9.0
216020545,Geelong Cats,4,10.691466,6.0
216020545,North Melbourne,1,7.8462567,-7.0
216020545,North Melbourne,2,6.6686196,-11.0
216020545,North Melbourne,3,6.1010475,-9.0
216020545,North Melbourne,4,7.758913,-6.0
216021026,Collingwood,1,14.853854,0.0
216021026,Collingwood,2,12.168837,-8.0
216021026,Collingwood,3,14.170301,17.0
216021026,Collingwood,4,11.993702,0.0
216021026,Sydney Swans,1,7.9156666,0.0
216021026,Sydney Swans,2,5.289971,8.0
216021026,Sydney Swans,3,6.3440285,-17.0
216021026,Sydney Swans,4,6.0357556,0.0
216021104,Brisbane Lions,1,6.4632187,-6.0
216021104,Brisbane Lions,2,6.289334,-21.0
216021104,Brisbane Lions,3,13.397035,0.0
216021104,Brisbane Lions,4,6.2786355,-14.0
216021104,Richmond,1,11.670343,6.0
216021104,Richmond,2,12.703502,21.0
216021104,Richmond,3,8.088165,0.0
216021104,Richmond,4,12.071564,14.0
216021218,Gold Coast Suns,1,6.4356914,-7.0
216021218,Gold Coast Suns,2,11.2921715,10.0
216021218,Gold Coast Suns,3,5.698755,-6.0
216021218,Gold Coast Suns,4,6.2307744,-1.0
216021218,St Kilda,1,13.381453,7.0
216021218,St Kilda,2,7.2281613,-10.0
216021218,St Kilda,3,11.67805,6.0
216021218,St Kilda,4,10.919699,1.0
216021505,Adelaide Crows,1,12.544861,-4.0
216021505,Adelaide Crows,2,10.989886,-1.0
216021505,Adelaide Crows,3,11.819675,-7.0
216021505,Adelaide Crows,4,6.7552876,-39.0
216021505,Melbourne,1,7.4633617,4.0
216021505,Melbourne,2,6.0707197,1.0
216021505,Melbourne,3,6.5653157,7.0
216021505,Melbourne,4,12.604589,39.0
216028176,Brisbane Lions,1,6.6862345,3.0
216028176,Brisbane Lions,2,10.317359,27.0
216028176,Brisbane Lions,3,12.769829,8.0
216028176,Brisbane Lions,4,7.2694287,-14.0
216028176,Western Bulldogs,1,9.733132,-3.0
216028176,Western Bulldogs,2,6.413588,-27.0
216028176,Western Bulldogs,3,8.018554,-8.0
216028176,Western Bulldogs,4,12.027587,14.0
216028257,Melbourne,1,6.203519,-10.0
216028257,Melbourne,2,11.79557,15.0
216028257,Melbourne,3,11.589782,11.0
216028257,Melbourne,4,13.049363,41.0
216028257,North Melbourne,1,11.976143,10.0
216028257,North Melbourne,2,6.443403,-15.0
216028257,North Melbourne,3,6.600774,-11.0
216028257,North Melbourne,4,2.4170268,-41.0
216028738,Geelong Cats,1,10.890435,3.0
216028738,Geelong Cats,2,11.963993,14.0
216028738,Geelong Cats,3,12.828627,24.0
216028738,Geelong Cats,4,6.162619,18.0
216028738,St Kilda,1,6.4711604,-3.0
216028738,St Kilda,2,5.6918073,-14.0
216028738,St Kilda,3,6.8966784,-24.0
216028738,St Kilda,4,11.493426,-18.0
216028817,Carlton,1,6.7901626,-2.0
216028817,Carlton,2,10.603894,15.0
216028817,Carlton,3,5.3072047,-24.0
216028817,Carlton,4,7.947395,-11.0
216028817,West Coast Eagles,1,11.183592,2.0
216028817,West Coast Eagles,2,5.407549,-15.0
216028817,West Coast Eagles,3,11.26462,24.0
216028817,West Coast Eagles,4,11.166241,11.0
216029699,Adelaide Crows,1,11.739153,7.0
216029699,Adelaide Crows,2,8.262355,2.0
216029699,Adelaide Crows,3,8.694624,-26.0
216029699,Adelaide Crows,4,7.2560787,-7.0
216029699,Collingwood,1,6.8946266,-7.0
216029699,Collingwood,2,11.072074,-2.0
216029699,Collingwood,3,12.660337,26.0
216029699,Collingwood,4,12.661282,7.0
216030258,Fremantle,1,10.623485,12.0
216030258,Fremantle,2,11.609313,0.0
216030258,Fremantle,3,11.188864,16.0
216030258,Fremantle,4,10.499373,-12.0
216030258,Hawthorn,1,6.5664334,-12.0
216030258,Hawthorn,2,5.9932528,0.0
216030258,Hawthorn,3,5.5746174,-16.0
216030258,Hawthorn,4,7.8532968,12.0
216030816,Port Adelaide,1,12.41131,7.0
216030816,Port Adelaide,2,11.26019,2.0
216030816,Port Adelaide,3,11.301474,-10.0
216030816,Port Adelaide,4,11.364796,22.0
216030816,Richmond,1,8.548643,-7.0
216030816,Richmond,2,6.615302,-2.0
216030816,Richmond,3,6.1889353,10.0
216030816,Richmond,4,5.981449,-22.0
216035489,GWS Giants,1,6.3271,-18.0
216035489,GWS Giants,2,6.9427834,-5.0
216035489,GWS Giants,3,8.613649,0.0
216035489,GWS Giants,4,5.6626334,-18.0
216035489,Sydney Swans,1,10.7613325,18.0
216035489,Sydney Swans,2,12.869311,5.0
216035489,Sydney Swans,3,6.213082,0.0
216035489,Sydney Swans,4,12.549618,18.0
216036451,Brisbane Lions,1,12.091532,2.0
216036451,Brisbane Lions,2,10.302777,1.0
216036451,Brisbane Lions,3,11.051802,9.0
216036451,Brisbane Lions,4,5.6726756,-11.0
216036451,North Melbourne,1,6.5877895,-2.0
216036451,North Melbourne,2,6.819115,-1.0
216036451,North Melbourne,3,1.5373217,-9.0
216036451,North Melbourne,4,11.427696,11.0
216036930,Geelong Cats,1,12.03104,14.0
216036930,Geelong Cats,2,6.3919497,1.0
216036930,Geelong Cats,3,12.597488,9.0
216036930,Geelong Cats,4,12.961767,36.0
216036930,Port Adelaide,1,6.684537,-14.0
216036930,Port Adelaide,2,12.366964,-1.0
216036930,Port Adelaide,3,6.452467,-9.0
216036930,Port Adelaide,4,7.3197484,-36.0
216037600,Essendon,1,5.124459,-10.0
216037600,Essendon,2,7.809712,-9.0
216037600,Essendon,3,12.200445,7.0
216037600,Essendon,4,13.20507,12.0
216037600,Gold Coast Suns,1,9.9978285,10.0
216037600,Gold Coast Suns,2,8.121344,9.0
216037600,Gold Coast Suns,3,7.0380807,-7.0
216037600,Gold Coast Suns,4,5.9448876,-12.0
216037971,Collingwood,1,6.2102704,-14.0
216037971,Collingwood,2,11.177506,-18.0
216037971,Collingwood,3,5.8243556,-2.0
216037971,Collingwood,4,5.4270177,-22.0
216037971,Melbourne,1,11.900868,14.0
216037971,Melbourne,2,9.500992,18.0
216037971,Melbourne,3,12.881652,2.0
216037971,Melbourne,4,10.573811,22.0
216038451,Carlton,1,5.6889167,-19.0
216038451,Carlton,2,9.539978,7.0
216038451,Carlton,3,7.027834,10.0
216038451,Carlton,4,8.308434,6.0
216038451,Fremantle,1,12.452383,19.0
216038451,Fremantle,2,5.894391,-7.0
216038451,Fremantle,3,11.4633045,-10.0
216038451,Fremantle,4,7.488497,-6.0
216044160,Essendon,1,7.0619926,-22.0
216044160,Essendon,2,1.0353906,-13.0
216044160,Essendon,3,13.69093,1.0
216044160,Essendon,4,6.396724,-1.0
216044160,St Kilda,1,12.511297,22.0
216044160,St Kilda,2,12.026662,13.0
216044160,St Kilda,3,5.8407493,-1.0
216044160,St Kilda,4,12.795069,1.0
216045200,Hawthorn,1,5.000605,-22.0
216045200,Hawthorn,2,5.6937566,-4.0
216045200,Hawthorn,3,8.232378,-11.0
216045200,Hawthorn,4,7.2904763,5.0
216045200,West Coast Eagles,1,11.77166,22.0
216045200,West Coast Eagles,2,11.442613,4.0
216045200,West Coast Eagles,3,12.098621,11.0
216045200,West Coast Eagles,4,12.999788,-5.0
216045681,Gold Coast Suns,1,6.917916,0.0
216045681,Gold Coast Suns,2,7.081976,10.0
216045681,Gold Coast Suns,3,5.9290543,-16.0
216045681,Gold Coast Suns,4,2.8304162,-15.0
216045681,Richmond,1,10.44878,0.0
216045681,Richmond,2,11.197903,-10.0
216045681,Richmond,3,11.357542,16.0
216045681,Richmond,4,11.483695,15.0
216046720,Adelaide Crows,1,5.139783,-14.0
216046720,Adelaide Crows,2,7.1667547,-9.0
216046720,Adelaide Crows,3,5.0236273,-26.0
216046720,Adelaide Crows,4,8.180691,-8.0
216046720,Western Bulldogs,1,11.211402,14.0
216046720,Western Bulldogs,2,10.534576,9.0
216046720,Western Bulldogs,3,10.881841,26.0
216046720,Western Bulldogs,4,10.596082,8.0
216052274,Essendon,1,8.867694,-4.0
216052274,Essendon,2,5.8602448,-3.0
216052274,Essendon,3,7.449992,-8.0
216052274,Essendon,4,6.495349,3.0
216052274,Richmond,1,8.320175,4.0
216052274,Richmond,2,12.24283,3.0
216052274,Richmond,3,14.481043,8.0
216052274,Richmond,4,14.118817,-3.0
216052755,Brisbane Lions,1,12.918422,11.0
216052755,Brisbane Lions,2,5.6251225,-7.0
216052755,Brisbane Lions,3,12.748806,6.0
216052755,Brisbane Lions,4,5.7157607,-8.0
216052755,St Kilda,1,5.9232926,-11.0
216052755,St Kilda,2,10.628878,7.0
216052755,St Kilda,3,7.07471,-6.0
216052755,St Kilda,4,13.049423,8.0
216053395,GWS Giants,1,8.376353,-26.0
216053395,GWS Giants,2,10.234303,4.0
216053395,GWS Giants,3,4.9449077,-9.0
216053395,GWS Giants,4,11.047287,19.0
216053395,West Coast Eagles,1,6.7389684,26.0
216053395,West Coast Eagles,2,5.7948236,-4.0
216053395,West Coast Eagles,3,12.482574,9.0
216053395,West Coast Eagles,4,6.4909163,-19.0
216053985,Carlton,1,13.612139,10.0
216053985,Carlton,2,13.170507,15.0
216053985,Carlton,3,7.1417828,2.0
216053985,Carlton,4,12.577567,6.0
216053985,Gold Coast Suns,1,6.195313,-10.0
216053985,Gold Coast Suns,2,7.7525887,-15.0
216053985,Gold Coast Suns,3,11.519326,-2.0
216053985,Gold Coast Suns,4,6.5277286,-6.0
216054275,Adelaide Crows,1,7.234715,-11.0
216054275,Adelaide Crows,2,7.472247,4.0
216054275,Adelaide Crows,3,7.399053,-2.0
216054275,Adelaide Crows,4,8.576301,-19.0
216054275,Geelong Cats,1,12.143285,11.0
216054275,Geelong Cats,2,11.317893,-4.0
216054275,Geelong Cats,3,11.385945,2.0
216054275,Geelong Cats,4,11.020169,19.0
216054834,Fremantle,1,7.1166673,-1.0
216054834,Fremantle,2,10.110203,19.0
216054834,Fremantle,3,13.076434,9.0
216054834,Fremantle,4,11.963772,4.0
216054834,Sydney Swans,1,12.290707,1.0
216054834,Sydney Swans,2,5.7310996,-19.0
216054834,Sydney Swans,3,7.667129,-9.0
216054834,Sydney Swans,4,6.45068,-4.0
216054914,Melbourne,1,6.5685496,-7.0
216054914,Melbourne,2,10.98758,14.0
216054914,Melbourne,3,1.7846771,-34.0
216054914,Melbourne,4,6.640739,-1.0
216054914,Western Bulldogs,1,11.422025,7.0
216054914,Western Bulldogs,2,7.045812,-14.0
216054914,Western Bulldogs,3,12.363692,34.0
216054914,Western Bulldogs,4,11.587697,1.0
216055394,Hawthorn,1,12.098773,10.0
216055394,Hawthorn,2,10.576981,-19.0
216055394,Hawthorn,3,8.395391,9.0
216055394,Hawthorn,4,5.381279,-10.0
216055394,Port Adelaide,1,7.5796847,-10.0
216055394,Port Adelaide,2,6.703184,19.0
216055394,Port Adelaide,3,11.259009,-9.0
216055394,Port Adelaide,4,12.459213,10.0
216059987,Essendon,1,5.1289926,-13.0
216059987,Essendon,2,5.9518127,-23.0
216059987,Essendon,3,13.111312,27.0
216059987,Essendon,4,12.07144,25.0
216059987,Hawthorn,1,12.906518,13.0
216059987,Hawthorn,2,12.617916,23.0
216059987,Hawthorn,3,4.1839914,-27.0
216059987,Hawthorn,4,6.5515304,-25.0
216061984,Collingwood,1,6.76568,-5.0
216061984,Collingwood,2,11.8786335,10.0
216061984,Collingwood,3,8.252696,11.0
216061984,Collingwood,4,12.803867,14.0
216061984,North Melbourne,1,11.025984,5.0
216061984,North Melbourne,2,5.78651,-10.0
216061984,North Melbourne,3,13.5868225,-11.0
216061984,North Melbourne,4,5.260673,-14.0
216062067,Richmond,1,6.1244226,1.0
216062067,Richmond,2,11.902817,5.0
216062067,Richmond,3,7.4465184,8.0
216062067,Richmond,4,12.011235,13.0
216062067,West Coast Eagles,1,12.632093,-1.0
216062067,West Coast Eagles,2,5.402124,-5.0
216062067,West Coast Eagles,3,12.613556,-8.0
216062067,West Coast Eagles,4,7.180115,-13.0
216070370,Gold Coast Suns,1,12.167426,9.0
216070370,Gold Coast Suns,2,12.507138,16.0
216070370,Gold Coast Suns,3,12.928334,9.0
216070370,Gold Coast Suns,4,13.968109,29.0
216070370,North Melbourne,1,6.1606584,-9.0
216070370,North Melbourne,2,6.588042,-16.0
216070370,North Melbourne,3,6.6788216,-9.0
216070370,North Melbourne,4,0.77106655,-29.0
216070737,Melbourne,1,12.161196,15.0
216070737,Melbourne,2,6.1390767,-13.0
216070737,Melbourne,3,11.317156,1.0
216070737,Melbourne,4,10.944023,0.0
216070737,St Kilda,1,6.523956,-15.0
216070737,St Kilda,2,12.967804,13.0
216070737,St Kilda,3,6.8020124,-1.0
216070737,St Kilda,4,6.394452,0.0
216071217,Fremantle,1,6.6590657,-19.0
216071217,Fremantle,2,6.933343,-6.0
216071217,Fremantle,3,5.888899,-15.0
216071217,Fremantle,4,7.4991364,2.0
216071217,GWS Giants,1,12.197746,19.0
216071217,GWS Giants,2,11.537739,6.0
216071217,GWS Giants,3,11.08951,15.0
216071217,GWS Giants,4,12.255987,-2.0
216071296,Geelong Cats,1,6.046062,-36.0
216071296,Geelong Cats,2,11.202907,18.0
216071296,Geelong Cats,3,12.078773,8.0
216071296,Geelong Cats,4,12.282941,21.0
216071296,Western Bulldogs,1,12.752062,36.0
216071296,Western Bulldogs,2,4.616725,-18.0
216071296,Western Bulldogs,3,6.7053227,-8.0
216071296,Western Bulldogs,4,6.085001,-21.0
216071698,Carlton,1,7.1347136,-2.0
216071698,Carlton,2,8.613416,10.0
216071698,Carlton,3,6.6412435,-6.0
216071698,Carlton,4,0.51812595,-26.0
216071698,Collingwood,1,13.468164,2.0
216071698,Collingwood,2,7.6321797,-10.0
216071698,Collingwood,3,13.227124,6.0
216071698,Collingwood,4,11.69156,26.0
216071777,Port Adelaide,1,11.930154,8.0
216071777,Port Adelaide,2,12.22708,24.0
216071777,Port Adelaide,3,6.428295,-14.0
216071777,Port Adelaide,4,10.793417,8.0
216071777,Sydney Swans,1,5.645339,-8.0
216071777,Sydney Swans,2,6.349589,-24.0
216071777,Sydney Swans,3,13.054377,14.0
216071777,Sydney Swans,4,5.815747,-8.0
216076369,Adelaide Crows,1,12.074571,7.0
216076369,Adelaide Crows,2,12.87856,8.0
216076369,Adelaide Crows,3,11.600838,7.0
216076369,Adelaide Crows,4,11.968271,13.0
216076369,Hawthorn,1,7.3252616,-7.0
216076369,Hawthorn,2,5.277706,-8.0
216076369,Hawthorn,3,7.8629813,-7.0
216076369,Hawthorn,4,6.0806804,-13.0
216076451,Melbourne,1,12.449668,3.0
216076451,Melbourne,2,3.4561281,-31.0
216076451,Melbourne,3,6.6446834,7.0
216076451,Melbourne,4,10.395068,0.0
216076451,Sydney Swans,1,6.174506,-3.0
216076451,Sydney Swans,2,12.70234,31.0
216076451,Sydney Swans,3,11.297324,-7.0
216076451,Sydney Swans,4,7.1640167,0.0
216077043,Carlton,1,5.948167,13.0
216077043,Carlton,2,7.2185707,-1.0
216077043,Carlton,3,12.481616,3.0
216077043,Carlton,4,6.498619,-24.0
216077043,GWS Giants,1,12.6946125,-13.0
216077043,GWS Giants,2,11.822612,1.0
216077043,GWS Giants,3,6.110083,-3.0
216077043,GWS Giants,4,11.516058,24.0
216077969,Essendon,1,9.576473,-15.0
216077969,Essendon,2,7.4367213,-1.0
216077969,Essendon,3,7.8551397,-5.0
216077969,Essendon,4,10.833558,6.0
216077969,West Coast Eagles,1,7.8521824,15.0
216077969,West Coast Eagles,2,12.35626,1.0
216077969,West Coast Eagles,3,9.468454,5.0
216077969,West Coast Eagles,4,0.63408464,-6.0
216078450,Fremantle,1,4.1229124,-8.0
216078450,Fremantle,2,8.060808,-11.0
216078450,Fremantle,3,12.157667,13.0
216078450,Fremantle,4,5.7966223,-21.0
216078450,Richmond,1,11.373436,8.0
216078450,Richmond,2,7.694803,11.0
216078450,Richmond,3,6.3742986,-13.0
216078450,Richmond,4,12.389764,21.0
216085122,Hawthorn,1,10.62382,3.0
216085122,Hawthorn,2,7.5330706,-6.0
216085122,Hawthorn,3,6.649029,-10.0
216085122,Hawthorn,4,6.5320835,-1.0
216085122,St Kilda,1,7.670414,-3.0
216085122,St Kilda,2,13.4045315,6.0
216085122,St Kilda,3,12.031074,10.0
216085122,St Kilda,4,12.415491,1.0
216085520,Brisbane Lions,1,12.146847,-5.0
216085520,Brisbane Lions,2,11.259129,23.0
216085520,Brisbane Lions,3,7.8298864,2.0
216085520,Brisbane Lions,4,5.578744,-12.0
216085520,Collingwood,1,6.8796716,5.0
216085520,Collingwood,2,6.74942,-23.0
216085520,Collingwood,3,11.874676,-2.0
216085520,Collingwood,4,10.560912,12.0
216085601,North Melbourne,1,7.77779,-18.0
216085601,North Melbourne,2,12.827779,3.0
216085601,North Melbourne,3,5.8645854,-25.0
216085601,North Melbourne,4,7.4960475,4.0
216085601,Port Adelaide,1,11.449802,18.0
216085601,Port Adelaide,2,8.863968,-3.0
216085601,Port Adelaide,3,11.856419,25.0
216085601,Port Adelaide,4,11.001201,-4.0
216086082,Essendon,1,6.341845,-30.0
216086082,Essendon,2,5.5937843,-29.0
216086082,Essendon,3,5.8983026,-3.0
216086082,Essendon,4,7.8543305,-4.0
216086082,Geelong Cats,1,11.62554,30.0
216086082,Geelong Cats,2,11.942127,29.0
216086082,Geelong Cats,3,11.173478,3.0
216086082,Geelong Cats,4,11.980413,4.0
216087123,Fremantle,1,13.133056,11.0
216087123,Fremantle,2,11.951524,-5.0
216087123,Fremantle,3,7.5362616,11.0
216087123,Fremantle,4,12.5977125,-3.0
216087123,Melbourne,1,7.000381,-11.0
216087123,Melbourne,2,8.022193,5.0
216087123,Melbourne,3,9.780557,-11.0
216087123,Melbourne,4,8.14917,3.0
216087682,West Coast Eagles,1,11.864117,22.0
216087682,West Coast Eagles,2,5.356893,-22.0
216087682,West Coast Eagles,3,12.212815,-1.0
216087682,West Coast Eagles,4,7.617793,-1.0
216087682,Western Bulldogs,1,7.6231937,-22.0
216087682,Western Bulldogs,2,11.448339,22.0
216087682,Western Bulldogs,3,6.6027966,1.0
216087682,Western Bulldogs,4,11.897804,1.0
216093314,St Kilda,1,10.035154,10.0
216093314,St Kilda,2,6.5602074,-23.0
216093314,St Kilda,3,6.010891,1.0
216093314,St Kilda,4,6.510795,-3.0
216093314,West Coast Eagles,1,7.050592,-10.0
216093314,West Coast Eagles,2,12.540903,23.0
216093314,West Coast Eagles,3,12.303859,-1.0
216093314,West Coast Eagles,4,12.39251,3.0
216093713,Brisbane Lions,1,12.464085,28.0
216093713,Brisbane Lions,2,11.413247,-1.0
216093713,Brisbane Lions,3,13.445534,14.0
216093713,Brisbane Lions,4,11.287006,4.0
216093713,Gold Coast Suns,1,7.125069,-28.0
216093713,Gold Coast Suns,2,6.6854167,1.0
216093713,Gold Coast Suns,3,7.1062975,-14.0
216093713,Gold Coast Suns,4,8.211378,-4.0
216094275,Geelong Cats,1,12.369475,-14.0
216094275,Geelong Cats,2,12.530843,1.0
216094275,Geelong Cats,3,6.6360636,-19.0
216094275,Geelong Cats,4,10.557684,6.0
216094275,Richmond,1,7.7834177,14.0
216094275,Richmond,2,6.848835,-1.0
216094275,Richmond,3,12.431944,19.0
216094275,Richmond,4,6.637656,-6.0
216095232,Adelaide Crows,1,10.733711,14.0
216095232,Adelaide Crows,2,6.3205457,-10.0
216095232,Adelaide Crows,3,11.528024,12.0
216095232,Adelaide Crows,4,11.962043,-4.0
216095232,GWS Giants,1,4.9468856,-14.0
216095232,GWS Giants,2,12.523076,10.0
216095232,GWS Giants,3,6.68573,-12.0
216095232,GWS Giants,4,6.9724855,4.0
216096272,Carlton,1,7.1578107,-14.0
216096272,Carlton,2,8.532957,-2.0
216096272,Carlton,3,11.585296,10.0
216096272,Carlton,4,12.509072,11.0
216096272,Sydney Swans,1,12.717693,14.0
216096272,Sydney Swans,2,7.594025,2.0
216096272,Sydney Swans,3,7.127973,-10.0
216096272,Sydney Swans,4,7.7160516,-11.0
216100945,Hawthorn,1,5.411894,-18.0
216100945,Hawthorn,2,5.6301417,-22.0
216100945,Hawthorn,3,5.4933033,12.0
216100945,Hawthorn,4,6.474701,-8.0
216100945,Western Bulldogs,1,11.884237,18.0
216100945,Western Bulldogs,2,11.13932,22.0
216100945,Western Bulldogs,3,11.99276,-12.0
216100945,Western Bulldogs,4,11.377736,8.0
216101025,Brisbane Lions,1,8.349449,-5.0
216101025,Brisbane Lions,2,6.037665,14.0
216101025,Brisbane Lions,3,10.210208,4.0
216101025,Brisbane Lions,4,7.1782303,19.0
216101025,Sydney Swans,1,12.138066,5.0
216101025,Sydney Swans,2,9.997297,-14.0
216101025,Sydney Swans,3,6.672975,-4.0
216101025,Sydney Swans,4,9.373413,-19.0
216101616,GWS Giants,1,6.5329056,-17.0
216101616,GWS Giants,2,12.35286,17.0
216101616,GWS Giants,3,6.962207,7.0
216101616,GWS Giants,4,5.659187,-12.0
216101616,Melbourne,1,10.989399,17.0
216101616,Melbourne,2,5.6992054,-17.0
216101616,Melbourne,3,11.179467,-7.0
216101616,Melbourne,4,11.573862,12.0
216101984,Fremantle,1,11.942176,15.0
216101984,Fremantle,2,11.822203,17.0
216101984,Fremantle,3,12.080378,18.0
216101984,Fremantle,4,12.778705,14.0
216101984,North Melbourne,1,6.6055408,-15.0
216101984,North Melbourne,2,6.1172595,-17.0
216101984,North Melbourne,3,6.05394,-18.0
216101984,North Melbourne,4,7.4716916,-14.0
216102946,Collingwood,1,12.61101,-5.0
216102946,Collingwood,2,12.045743,11.0
216102946,Collingwood,3,11.530869,5.0
216102946,Collingwood,4,12.084496,11.0
216102946,Gold Coast Suns,1,6.4674377,5.0
216102946,Gold Coast Suns,2,6.6846285,-11.0
216102946,Gold Coast Suns,3,6.6949673,-5.0
216102946,Gold Coast Suns,4,7.505762,-11.0
216104465,Adelaide Crows,1,12.9270935,31.0
216104465,Adelaide Crows,2,11.942959,13.0
216104465,Adelaide Crows,3,6.0984645,-17.0
216104465,Adelaide Crows,4,11.996473,-11.0
216104465,Carlton,1,5.9279823,-31.0
216104465,Carlton,2,5.890132,-13.0
216104465,Carlton,3,11.68291,17.0
216104465,Carlton,4,6.2690477,11.0
216104544,Essendon,1,5.593384,5.0
216104544,Essendon,2,6.7613044,-33.0
216104544,Essendon,3,11.522707,-6.0
216104544,Essendon,4,7.3310843,-16.0
216104544,Port Adelaide,1,11.347479,-5.0
216104544,Port Adelaide,2,10.057777,33.0
216104544,Port Adelaide,3,6.5108123,6.0
216104544,Port Adelaide,4,10.9129305,16.0
216109139,Gold Coast Suns,1,4.953302,-36.0
216109139,Gold Coast Suns,2,6.0935364,2.0
216109139,Gold Coast Suns,3,11.7831545,-15.0
216109139,Gold Coast Suns,4,6.337244,-2.0
216109139,Hawthorn,1,10.827834,36.0
216109139,Hawthorn,2,12.247921,-2.0
216109139,Hawthorn,3,9.542345,15.0
216109139,Hawthorn,4,11.183881,2.0
216109219,Geelong Cats,1,6.854264,-9.0
216109219,Geelong Cats,2,7.6924357,-2.0
216109219,Geelong Cats,3,11.53691,9.0
216109219,Geelong Cats,4,10.017758,8.0
216109219,Sydney Swans,1,12.453031,9.0
216109219,Sydney Swans,2,11.806136,2.0
216109219,Sydney Swans,3,4.389428,-9.0
216109219,Sydney Swans,4,6.080392,-8.0
216109619,Essendon,1,6.1346617,2.0
216109619,Essendon,2,6.376578,-30.0
216109619,Essendon,3,8.872982,0.0
216109619,Essendon,4,10.863175,9.0
216109619,Melbourne,1,11.525169,-2.0
216109619,Melbourne,2,12.007189,30.0
216109619,Melbourne,3,5.22349,0.0
216109619,Melbourne,4,8.031825,-9.0
216109699,GWS Giants,1,12.117378,-10.0
216109699,GWS Giants,2,11.330158,1.0
216109699,GWS Giants,3,6.4961486,-20.0
216109699,GWS Giants,4,5.9750385,-23.0
216109699,St Kilda,1,7.5070643,10.0
216109699,St Kilda,2,6.6934295,-1.0
216109699,St Kilda,3,12.324663,20.0
216109699,St Kilda,4,10.472619,23.0
216110099,Brisbane Lions,1,5.8606777,-4.0
216110099,Brisbane Lions,2,10.761945,32.0
216110099,Brisbane Lions,3,13.780304,-4.0
216110099,Brisbane Lions,4,12.553257,-7.0
216110099,Carlton,1,12.306294,4.0
216110099,Carlton,2,6.2193522,-32.0
216110099,Carlton,3,6.09901,4.0
216110099,Carlton,4,6.3758583,7.0
216110179,North Melbourne,1,12.829936,16.0
216110179,North Melbourne,2,7.508574,-17.0
216110179,North Melbourne,3,13.080624,1.0
216110179,North Melbourne,4,6.876188,-15.0
216110179,West Coast Eagles,1,5.56661,-16.0
216110179,West Coast Eagles,2,10.601126,17.0
216110179,West Coast Eagles,3,8.435856,-1.0
216110179,West Coast Eagles,4,12.510047,15.0
216111139,Collingwood,1,5.688526,-2.0
216111139,Collingwood,2,5.5664325,-7.0
216111139,Collingwood,3,7.3266416,-9.0
216111139,Collingwood,4,8.212526,2.0
216111139,Port Adelaide,1,12.58977,2.0
216111139,Port Adelaide,2,12.686854,7.0
216111139,Port Adelaide,3,10.681535,9.0
216111139,Port Adelaide,4,11.321785,-2.0
216111619,Adelaide Crows,1,7.00518,-4.0
216111619,Adelaide Crows,2,10.336284,-10.0
216111619,Adelaide Crows,3,6.0891314,-22.0
216111619,Adelaide Crows,4,11.877068,-8.0
216111619,Richmond,1,11.632207,4.0
216111619,Richmond,2,7.4334054,10.0
216111619,Richmond,3,12.462932,22.0
216111619,Richmond,4,7.982876,8.0
216112179,Fremantle,1,12.319641,-1.0
216112179,Fremantle,2,6.402519,-11.0
216112179,Fremantle,3,7.869808,-3.0
216112179,Fremantle,4,5.196714,-15.0
216112179,Western Bulldogs,1,6.78272,1.0
216112179,Western Bulldogs,2,10.824647,11.0
216112179,Western Bulldogs,3,11.846116,3.0
216112179,Western Bulldogs,4,10.1927185,15.0
216238195,Carlton,1,4.8231773,-31.0
216238195,Carlton,2,10.026131,-15.0
216238195,Carlton,3,10.573299,12.0
216238195,Carlton,4,8.04571,10.0
216238195,Richmond,1,12.756498,31.0
216238195,Richmond,2,6.145186,15.0
216238195,Richmond,3,4.9419003,-12.0
216238195,Richmond,4,11.776909,-10.0
216244306,Brisbane Lions,1,12.385766,2.0
216244306,Brisbane Lions,2,7.124827,-11.0
216244306,Brisbane Lions,3,6.8351946,-4.0
216244306,Brisbane Lions,4,8.173521,-15.0
216244306,Hawthorn,1,7.0639133,-2.0
216244306,Hawthorn,2,12.030889,11.0
216244306,Hawthorn,3,8.307659,4.0
216244306,Hawthorn,4,11.291607,15.0
216244785,Essendon,1,11.295073,19.0
216244785,Essendon,2,10.709578,7.0
216244785,Essendon,3,10.797871,0.0
216244785,Essendon,4,0.65145624,-20.0
216244785,Fremantle,1,6.252917,-19.0
216244785,Fremantle,2,7.528697,-7.0
216244785,Fremantle,3,8.101923,0.0
216244785,Fremantle,4,11.807694,20.0
216244977,GWS Giants,1,12.650277,4.0
216244977,GWS Giants,2,7.8541226,9.0
216244977,GWS Giants,3,11.762361,13.0
216244977,GWS Giants,4,10.047004,6.0
216244977,Geelong Cats,1,6.105328,-4.0
216244977,Geelong Cats,2,11.763851,-9.0
216244977,Geelong Cats,3,5.5669374,-13.0
216244977,Geelong Cats,4,6.0634646,-6.0
216245346,North Melbourne,1,11.815469,-14.0
216245346,North Melbourne,2,6.5117326,-15.0
216245346,North Melbourne,3,10.462637,25.0
216245346,North Melbourne,4,12.8828335,6.0
216245346,St Kilda,1,5.5428586,14.0
216245346,St Kilda,2,11.088831,15.0
216245346,St Kilda,3,5.9662294,-25.0
216245346,St Kilda,4,8.033039,-6.0
216245906,Melbourne,1,5.276887,-27.0
216245906,Melbourne,2,11.677528,6.0
216245906,Melbourne,3,8.150114,-12.0
216245906,Melbourne,4,6.042359,6.0
216245906,West Coast Eagles,1,10.474605,27.0
216245906,West Coast Eagles,2,7.0630574,-6.0
216245906,West Coast Eagles,3,11.667078,12.0
216245906,West Coast Eagles,4,11.236006,-6.0
216246497,Gold Coast Suns,1,4.568443,-19.0
216246497,Gold Coast Suns,2,6.3681946,-21.0
216246497,Gold Coast Suns,3,6.650978,6.0
216246497,Gold Coast Suns,4,6.939161,-13.0
216246497,Port Adelaide,1,12.6084175,19.0
216246497,Port Adelaide,2,12.059333,21.0
216246497,Port Adelaide,3,12.288085,-6.0
216246497,Port Adelaide,4,12.842569,13.0
216246785,Adelaide Crows,1,12.939542,18.0
216246785,Adelaide Crows,2,5.050286,-26.0
216246785,Adelaide Crows,3,6.072967,-6.0
216246785,Adelaide Crows,4,6.4603724,11.0
216246785,Sydney Swans,1,7.1602445,-18.0
216246785,Sydney Swans,2,11.429488,26.0
216246785,Sydney Swans,3,11.877811,6.0
216246785,Sydney Swans,4,10.596374,-11.0
216247424,Collingwood,1,9.715677,26.0
216247424,Collingwood,2,13.626031,4.0
216247424,Collingwood,3,6.5178766,5.0
216247424,Collingwood,4,12.010272,17.0
216247424,Western Bulldogs,1,7.593645,-26.0
216247424,Western Bulldogs,2,5.406299,-4.0
216247424,Western Bulldogs,3,8.414795,-5.0
216247424,Western Bulldogs,4,6.0293813,-17.0
216418339,Collingwood,1,11.973729,24.0
216418339,Collingwood,2,13.539492,-10.0
216418339,Collingwood,3,5.3183074,-12.0
216418339,Collingwood,4,10.452342,-2.0
216418339,Richmond,1,5.404207,-24.0
216418339,Richmond,2,6.5112085,10.0
216418339,Richmond,3,11.543519,12.0
216418339,Richmond,4,7.7146277,2.0
216424610,Essendon,1,12.378009,20.0
216424610,Essendon,2,6.7193356,-14.0
216424610,Essendon,3,6.225448,2.0
216424610,Essendon,4,11.062419,-2.0
216424610,Sydney Swans,1,7.6506023,-20.0
216424610,Sydney Swans,2,12.505813,14.0
216424610,Sydney Swans,3,11.994494,-2.0
216424610,Sydney Swans,4,5.3174515,2.0
216425090,St Kilda,1,9.705697,3.0
216425090,St Kilda,2,12.361577,20.0
216425090,St Kilda,3,11.012946,17.0
216425090,St Kilda,4,10.701884,-1.0
216425090,Western Bulldogs,1,7.531617,-3.0
216425090,Western Bulldogs,2,5.667171,-20.0
216425090,Western Bulldogs,3,6.8969254,-17.0
216425090,Western Bulldogs,4,7.1621165,1.0
216425202,GWS Giants,1,7.831837,2.0
216425202,GWS Giants,2,5.8190694,-2.0
216425202,GWS Giants,3,7.042455,-4.0
216425202,GWS Giants,4,7.55736,-16.0
216425202,North Melbourne,1,11.349333,-2.0
216425202,North Melbourne,2,10.533973,2.0
216425202,North Melbourne,3,11.489773,4.0
216425202,North Melbourne,4,11.535155,16.0
216425489,Brisbane Lions,1,14.228148,8.0
216425489,Brisbane Lions,2,5.52162,-3.0
216425489,Brisbane Lions,3,11.990949,13.0
216425489,Brisbane Lions,4,13.515019,-6.0
216425489,Fremantle,1,1.3555877,-8.0
216425489,Fremantle,2,12.575063,3.0
216425489,Fremantle,3,6.8406157,-13.0
216425489,Fremantle,4,8.304087,6.0
216426048,Geelong Cats,1,9.96882,7.0
216426048,Geelong Cats,2,10.510786,-1.0
216426048,Geelong Cats,3,11.482699,31.0
216426048,Geelong Cats,4,11.010642,24.0
216426048,Hawthorn,1,6.2905135,-7.0
216426048,Hawthorn,2,6.9997525,1.0
216426048,Hawthorn,3,5.2805257,-31.0
216426048,Hawthorn,4,7.091391,-24.0
216426721,Gold Coast Suns,1,6.715548,2.0
216426721,Gold Coast Suns,2,11.588054,1.0
216426721,Gold Coast Suns,3,9.245066,23.0
216426721,Gold Coast Suns,4,12.029278,18.0
216426721,West Coast Eagles,1,14.144444,-2.0
216426721,West Coast Eagles,2,7.0686293,-1.0
216426721,West Coast Eagles,3,10.935266,-23.0
216426721,West Coast Eagles,4,5.569281,-18.0
216428049,Carlton,1,4.5714197,-32.0
216428049,Carlton,2,11.351829,3.0
216428049,Carlton,3,7.763557,6.0
216428049,Carlton,4,6.605435,22.0
216428049,Melbourne,1,13.787089,32.0
216428049,Melbourne,2,6.1486707,-3.0
216428049,Melbourne,3,10.61773,-6.0
216428049,Melbourne,4,3.2033474,-22.0
216428129,Adelaide Crows,1,6.475006,-13.0
216428129,Adelaide Crows,2,6.1949286,-19.0
216428129,Adelaide Crows,3,4.81587,-32.0
216428129,Adelaide Crows,4,6.3757634,-11.0
216428129,Port Adelaide,1,12.329799,13.0
216428129,Port Adelaide,2,12.061385,19.0
216428129,Port Adelaide,3,11.133202,32.0
216428129,Port Adelaide,4,11.787754,11.0
216434802,Hawthorn,1,12.094114,32.0
216434802,Hawthorn,2,5.5199246,0.0
216434802,Hawthorn,3,11.552255,12.0
216434802,Hawthorn,4,0.2732163,-12.0
216434802,Richmond,1,2.9319382,-32.0
216434802,Richmond,2,12.285119,0.0
216434802,Richmond,3,7.723832,-12.0
216434802,Richmond,4,13.371362,12.0
216435843,GWS Giants,1,7.232487,-9.0
216435843,GWS Giants,2,8.11087,-11.0
216435843,GWS Giants,3,11.180307,-7.0
216435843,GWS Giants,4,7.4665327,3.0
216435843,Western Bulldogs,1,10.915525,9.0
216435843,Western Bulldogs,2,6.7455697,11.0
216435843,Western Bulldogs,3,7.0702987,7.0
216435843,Western Bulldogs,4,9.809769,-3.0
216441872,Brisbane Lions,1,11.301436,-5.0
216441872,Brisbane Lions,2,8.855376,1.0
216441872,Brisbane Lions,3,12.295709,21.0
216441872,Brisbane Lions,4,10.9602995,13.0
216441872,West Coast Eagles,1,7.127283,5.0
216441872,West Coast Eagles,2,9.287375,-1.0
216441872,West Coast Eagles,3,5.8400087,-21.0
216441872,West Coast Eagles,4,5.9990635,-13.0
216441952,North Melbourne,1,11.228632,2.0
216441952,North Melbourne,2,5.6457853,-8.0
216441952,North Melbourne,3,7.3287983,-21.0
216441952,North Melbourne,4,7.6186266,16.0
216441952,Sydney Swans,1,8.547215,-2.0
216441952,Sydney Swans,2,11.955533,8.0
216441952,Sydney Swans,3,13.0227375,21.0
216441952,Sydney Swans,4,12.703901,-16.0
216442432,Carlton,1,12.04445,25.0
216442432,Carlton,2,9.21458,4.0
216442432,Carlton,3,12.133077,6.0
216442432,Carlton,4,5.73088,-33.0
216442432,Geelong Cats,1,6.2029934,-25.0
216442432,Geelong Cats,2,7.211297,-4.0
216442432,Geelong Cats,3,6.023733,-6.0
216442432,Geelong Cats,4,12.687649,33.0
216442912,Collingwood,1,10.494618,20.0
216442912,Collingwood,2,9.522888,18.0
216442912,Collingwood,3,11.302082,-1.0
216442912,Collingwood,4,4.95523,7.0
216442912,St Kilda,1,7.771007,-20.0
216442912,St Kilda,2,6.718333,-18.0
216442912,St Kilda,3,6.5989513,1.0
216442912,St Kilda,4,8.860426,-7.0
216443105,Adelaide Crows,1,4.9435115,-19.0
216443105,Adelaide Crows,2,6.716329,-16.0
216443105,Adelaide Crows,3,4.2829456,-23.0
216443105,Adelaide Crows,4,10.309211,5.0
216443105,Gold Coast Suns,1,12.10177,19.0
216443105,Gold Coast Suns,2,14.438304,16.0
216443105,Gold Coast Suns,3,10.803673,23.0
216443105,Gold Coast Suns,4,7.268657,-5.0
216443953,Fremantle,1,5.8175793,6.0
216443953,Fremantle,2,5.6890798,-34.0
216443953,Fremantle,3,4.9800954,-1.0
216443953,Fremantle,4,12.472238,0.0
216443953,Port Adelaide,1,11.352362,-6.0
216443953,Port Adelaide,2,14.083199,34.0
216443953,Port Adelaide,3,11.658216,1.0
216443953,Port Adelaide,4,7.191862,0.0
216449185,Sydney Swans,1,5.9592457,-19.0
216449185,Sydney Swans,2,6.9010015,-11.0
216449185,Sydney Swans,3,12.882172,4.0
216449185,Sydney Swans,4,6.6168513,-2.0
216449185,Western Bulldogs,1,12.613985,19.0
216449185,Western Bulldogs,2,13.201566,11.0
216449185,Western Bulldogs,3,6.860033,-4.0
216449185,Western Bulldogs,4,11.352719,2.0
216449587,Carlton,1,11.3168125,5.0
216449587,Carlton,2,12.034965,3.0
216449587,Carlton,3,12.930585,-8.0
216449587,Carlton,4,10.080481,1.0
216449587,Essendon,1,7.922959,-5.0
216449587,Essendon,2,5.932349,-3.0
216449587,Essendon,3,8.411058,8.0
216449587,Essendon,4,7.906931,-1.0
216449667,Richmond,1,6.987914,-7.0
216449667,Richmond,2,5.4429126,-4.0
216449667,Richmond,3,7.7385907,-4.0
216449667,Richmond,4,8.239878,-11.0
216449667,St Kilda,1,11.984846,7.0
216449667,St Kilda,2,12.799801,4.0
216449667,St Kilda,3,13.600025,4.0
216449667,St Kilda,4,10.768632,11.0
216449778,Collingwood,1,11.529193,5.0
216449778,Collingwood,2,6.6115675,-5.0
216449778,Collingwood,3,10.650539,-1.0
216449778,Collingwood,4,12.997676,-1.0
216449778,GWS Giants,1,8.9039,-5.0
216449778,GWS Giants,2,11.997449,5.0
216449778,GWS Giants,3,6.7565007,1.0
216449778,GWS Giants,4,6.3981924,1.0
216451299,Fremantle,1,5.909384,6.0
216451299,Fremantle,2,13.276664,-12.0
216451299,Fremantle,3,12.397133,6.0
216451299,Fremantle,4,11.221994,-13.0
216451299,Gold Coast Suns,1,10.760213,-6.0
216451299,Gold Coast Suns,2,6.184939,12.0
216451299,Gold Coast Suns,3,6.7428,-6.0
216451299,Gold Coast Suns,4,5.8277097,13.0
216452707,Port Adelaide,1,13.338042,20.0
216452707,Port Adelaide,2,13.04535,7.0
216452707,Port Adelaide,3,13.942272,10.0
216452707,Port Adelaide,4,13.202121,11.0
216452707,West Coast Eagles,1,6.5619574,-20.0
216452707,West Coast Eagles,2,7.276366,-7.0
216452707,West Coast Eagles,3,6.908689,-10.0
216452707,West Coast Eagles,4,6.900603,-11.0
216457296,Hawthorn,1,5.171231,2.0
216457296,Hawthorn,2,5.9891863,7.0
216457296,Hawthorn,3,7.3209915,12.0
216457296,Hawthorn,4,5.8019304,-17.0
216457296,North Melbourne,1,11.789321,-2.0
216457296,North Melbourne,2,10.671295,-7.0
216457296,North Melbourne,3,-0.59992254,-12.0
216457296,North Melbourne,4,12.21638,17.0
216458256,Adelaide Crows,1,5.9035816,-15.0
216458256,Adelaide Crows,2,1.3357079,-25.0
216458256,Adelaide Crows,3,7.7505984,22.0
216458256,Adelaide Crows,4,1.3243527,-19.0
216458256,Brisbane Lions,1,12.909633,15.0
216458256,Brisbane Lions,2,11.763941,25.0
216458256,Brisbane Lions,3,12.221761,-22.0
216458256,Brisbane Lions,4,12.770652,19.0
216459856,Geelong Cats,1,13.086438,12.0
216459856,Geelong Cats,2,4.9784956,-13.0
216459856,Geelong Cats,3,11.448564,18.0
216459856,Geelong Cats,4,11.793354,-14.0
216459856,Melbourne,1,6.7320013,-12.0
216459856,Melbourne,2,10.855105,13.0
216459856,Melbourne,3,1.8111103,-18.0
216459856,Melbourne,4,5.556356,14.0
216467090,Sydney Swans,1,6.611248,2.0
216467090,Sydney Swans,2,6.7345967,-7.0
216467090,Sydney Swans,3,6.0046754,-16.0
216467090,Sydney Swans,4,6.5830283,-13.0
216467090,West Coast Eagles,1,3.077285,-2.0
216467090,West Coast Eagles,2,11.387614,7.0
216467090,West Coast Eagles,3,12.180208,16.0
216467090,West Coast Eagles,4,10.645963,13.0
216467491,Collingwood,1,12.913419,0.0
216467491,Collingwood,2,6.802557,-11.0
216467491,Collingwood,3,5.7128596,-16.0
216467491,Collingwood,4,10.643652,12.0
216467491,Essendon,1,5.869536,0.0
216467491,Essendon,2,12.667883,11.0
216467491,Essendon,3,12.270486,16.0
216467491,Essendon,4,5.9501734,-12.0
216473761,Melbourne,1,6.484111,-1.0
216473761,Melbourne,2,5.6329336,-24.0
216473761,Melbourne,3,5.4447002,-4.0
216473761,Melbourne,4,7.1998315,2.0
216473761,Richmond,1,12.468933,1.0
216473761,Richmond,2,12.5649,24.0
216473761,Richmond,3,12.734741,4.0
216473761,Richmond,4,13.42243,-2.0
216474353,GWS Giants,1,11.524185,23.0
216474353,GWS Giants,2,12.046501,-13.0
216474353,GWS Giants,3,13.299235,11.0
216474353,GWS Giants,4,11.339751,13.0
216474353,Hawthorn,1,6.7262278,-23.0
216474353,Hawthorn,2,5.7036905,13.0
216474353,Hawthorn,3,6.057196,-11.0
216474353,Hawthorn,4,7.0027514,-13.0
216474640,Brisbane Lions,1,11.545889,1.0
216474640,Brisbane Lions,2,11.239062,34.0
216474640,Brisbane Lions,3,11.796264,8.0
216474640,Brisbane Lions,4,10.956946,-6.0
216474640,Port Adelaide,1,7.8476963,-1.0
216474640,Port Adelaide,2,7.635724,-34.0
216474640,Port Adelaide,3,8.280996,-8.0
216474640,Port Adelaide,4,7.672246,6.0
216475200,Geelong Cats,1,11.197159,20.0
216475200,Geelong Cats,2,10.412288,-16.0
216475200,Geelong Cats,3,11.870768,11.0
216475200,Geelong Cats,4,12.26796,22.0
216475200,Gold Coast Suns,1,6.5545344,-20.0
216475200,Gold Coast Suns,2,6.8368635,16.0
216475200,Gold Coast Suns,3,6.7787323,-11.0
216475200,Gold Coast Suns,4,5.4188485,-22.0
216476161,Adelaide Crows,1,6.8999043,-15.0
216476161,Adelaide Crows,2,12.879646,2.0
216476161,Adelaide Crows,3,8.202412,12.0
216476161,Adelaide Crows,4,6.423017,-19.0
216476161,Fremantle,1,13.096773,15.0
216476161,Fremantle,2,7.551059,-2.0
216476161,Fremantle,3,11.057487,-12.0
216476161,Fremantle,4,12.820403,19.0
216476800,North Melbourne,1,6.648498,-6.0
216476800,North Melbourne,2,7.051944,-14.0
216476800,North Melbourne,3,6.844105,-23.0
216476800,North Melbourne,4,7.1721506,-6.0
216476800,Western Bulldogs,1,10.621611,6.0
216476800,Western Bulldogs,2,13.1517515,14.0
216476800,Western Bulldogs,3,10.884876,23.0
216476800,Western Bulldogs,4,11.267234,6.0
216477200,Carlton,1,7.10181,-20.0
216477200,Carlton,2,7.01199,-10.0
216477200,Carlton,3,11.102954,7.0
216477200,Carlton,4,6.2988687,5.0
216477200,St Kilda,1,12.560912,20.0
216477200,St Kilda,2,12.456134,10.0
216477200,St Kilda,3,6.969322,-7.0
216477200,St Kilda,4,10.456759,-5.0
216481875,Gold Coast Suns,1,6.776688,7.0
216481875,Gold Coast Suns,2,6.8087463,-14.0
216481875,Gold Coast Suns,3,6.7148776,4.0
216481875,Gold Coast Suns,4,8.626285,-14.0
216481875,Melbourne,1,8.917414,-7.0
216481875,Melbourne,2,12.326126,14.0
216481875,Melbourne,3,10.784632,-4.0
216481875,Melbourne,4,11.4717045,14.0
216482355,Essendon,1,11.909934,-5.0
216482355,Essendon,2,10.173865,15.0
216482355,Essendon,3,6.9664674,2.0
216482355,Essendon,4,13.478875,2.0
216482355,North Melbourne,1,7.0170436,5.0
216482355,North Melbourne,2,4.615485,-15.0
216482355,North Melbourne,3,11.323219,-2.0
216482355,North Melbourne,4,8.564247,-2.0
216482433,Brisbane Lions,1,7.2763386,2.0
216482433,Brisbane Lions,2,12.06543,8.0
216482433,Brisbane Lions,3,5.2656918,-44.0
216482433,Brisbane Lions,4,13.974641,7.0
216482433,Geelong Cats,1,13.185744,-2.0
216482433,Geelong Cats,2,5.344468,-8.0
216482433,Geelong Cats,3,12.183621,44.0
216482433,Geelong Cats,4,5.809479,-7.0
216483475,Adelaide Crows,1,13.297224,-8.0
216483475,Adelaide Crows,2,7.211622,-7.0
216483475,Adelaide Crows,3,7.2426577,-19.0
216483475,Adelaide Crows,4,10.126221,1.0
216483475,West Coast Eagles,1,7.6429696,8.0
216483475,West Coast Eagles,2,9.143876,7.0
216483475,West Coast Eagles,3,7.6284757,19.0
216483475,West Coast Eagles,4,7.856627,-1.0
216483874,Collingwood,1,12.395626,25.0
216483874,Collingwood,2,12.849017,3.0
216483874,Collingwood,3,11.627517,8.0
216483874,Collingwood,4,6.5541515,-4.0
216483874,Hawthorn,1,1.9019656,-25.0
216483874,Hawthorn,2,7.4817185,-3.0
216483874,Hawthorn,3,7.701371,-8.0
216483874,Hawthorn,4,12.056242,4.0
216484915,Fremantle,1,5.9150558,-36.0
216484915,Fremantle,2,12.2957115,23.0
216484915,Fremantle,3,13.013282,21.0
216484915,Fremantle,4,11.014257,-2.0
216484915,St Kilda,1,13.105715,36.0
216484915,St Kilda,2,6.3765354,-23.0
216484915,St Kilda,3,6.113517,-21.0
216484915,St Kilda,4,8.920646,2.0
216491104,Carlton,1,12.385228,19.0
216491104,Carlton,2,5.030186,2.0
216491104,Carlton,3,5.724763,-3.0
216491104,Carlton,4,11.849158,34.0
216491104,Western Bulldogs,1,5.9254236,-19.0
216491104,Western Bulldogs,2,12.278318,-2.0
216491104,Western Bulldogs,3,11.73091,3.0
216491104,Western Bulldogs,4,7.3434052,-34.0
216493584,Richmond,1,11.222721,12.0
216493584,Richmond,2,8.093242,-4.0
216493584,Richmond,3,11.4016075,6.0
216493584,Richmond,4,12.413968,-6.0
216493584,Sydney Swans,1,7.269176,-12.0
216493584,Sydney Swans,2,12.229356,4.0
216493584,Sydney Swans,3,6.678327,-6.0
216493584,Sydney Swans,4,6.964391,6.0
216493664,GWS Giants,1,6.770895,-7.0
216493664,GWS Giants,2,11.63392,-4.0
216493664,GWS Giants,3,10.724255,8.0
216493664,GWS Giants,4,7.301896,-14.0
216493664,Port Adelaide,1,10.91018,7.0
216493664,Port Adelaide,2,7.931728,4.0
216493664,Port Adelaide,3,5.202762,-8.0
216493664,Port Adelaide,4,12.949878,14.0
216498338,Brisbane Lions,1,12.274599,13.0
216498338,Brisbane Lions,2,9.936191,6.0
216498338,Brisbane Lions,3,11.274939,-6.0
216498338,Brisbane Lions,4,12.021637,7.0
216498338,GWS Giants,1,6.3065434,-13.0
216498338,GWS Giants,2,6.795034,-6.0
216498338,GWS Giants,3,6.060393,6.0
216498338,GWS Giants,4,6.381258,-7.0
216498736,Collingwood,1,11.285343,7.0
216498736,Collingwood,2,10.733828,11.0
216498736,Collingwood,3,12.322919,-4.0
216498736,Collingwood,4,14.038789,8.0
216498736,Geelong Cats,1,7.052955,-7.0
216498736,Geelong Cats,2,8.392416,-11.0
216498736,Geelong Cats,3,5.5525007,4.0
216498736,Geelong Cats,4,6.8225327,-8.0
216498819,Hawthorn,1,6.2887053,-12.0
216498819,Hawthorn,2,4.3434987,-18.0
216498819,Hawthorn,3,6.964305,-12.0
216498819,Hawthorn,4,5.996519,-1.0
216498819,Melbourne,1,10.953892,12.0
216498819,Melbourne,2,12.4980135,18.0
216498819,Melbourne,3,12.616303,12.0
216498819,Melbourne,4,8.898572,1.0
216499298,Carlton,1,9.129176,1.0
216499298,Carlton,2,7.025054,-7.0
216499298,Carlton,3,12.35641,0.0
216499298,Carlton,4,7.877285,3.0
216499298,Port Adelaide,1,10.27284,-1.0
216499298,Port Adelaide,2,11.570801,7.0
216499298,Port Adelaide,3,7.3050017,0.0
216499298,Port Adelaide,4,11.337688,-3.0
216499777,Essendon,1,12.473768,-4.0
216499777,Essendon,2,5.689151,-9.0
216499777,Essendon,3,6.583667,-30.0
216499777,Essendon,4,11.808636,1.0
216499777,Western Bulldogs,1,6.5227594,4.0
216499777,Western Bulldogs,2,11.289769,9.0
216499777,Western Bulldogs,3,12.507272,30.0
216499777,Western Bulldogs,4,6.656762,-1.0
216500339,Fremantle,1,11.406929,-2.0
216500339,Fremantle,2,7.2030134,-13.0
216500339,Fremantle,3,6.5153165,-15.0
216500339,Fremantle,4,6.452519,0.0
216500339,West Coast Eagles,1,7.206267,2.0
216500339,West Coast Eagles,2,12.291487,13.0
216500339,West Coast Eagles,3,12.492006,15.0
216500339,West Coast Eagles,4,13.834735,0.0
216500450,North Melbourne,1,3.7421978,-27.0
216500450,North Melbourne,2,10.292189,1.0
216500450,North Melbourne,3,7.4148836,-17.0
216500450,North Melbourne,4,6.8820887,-11.0
216500450,Richmond,1,13.842082,27.0
216500450,Richmond,2,7.4819937,-1.0
216500450,Richmond,3,12.358394,17.0
216500450,Richmond,4,12.028087,11.0
216500818,Gold Coast Suns,1,6.129563,2.0
216500818,Gold Coast Suns,2,6.8614674,8.0
216500818,Gold Coast Suns,3,13.531535,6.0
216500818,Gold Coast Suns,4,11.301342,16.0
216500818,Sydney Swans,1,11.589527,-2.0
216500818,Sydney Swans,2,9.203385,-8.0
216500818,Sydney Swans,3,6.8634458,-6.0
216500818,Sydney Swans,4,5.673752,-16.0
216501299,Adelaide Crows,1,6.649211,-12.0
216501299,Adelaide Crows,2,10.628288,-8.0
216501299,Adelaide Crows,3,13.6660795,4.0
216501299,Adelaide Crows,4,11.840904,-7.0
216501299,St Kilda,1,9.722267,12.0
216501299,St Kilda,2,7.4879456,8.0
216501299,St Kilda,3,4.195695,-4.0
216501299,St Kilda,4,4.890951,7.0
216508643,Gold Coast Suns,1,11.958039,-2.0
216508643,Gold Coast Suns,2,6.5828342,0.0
216508643,Gold Coast Suns,3,7.2948637,0.0
216508643,Gold Coast Suns,4,4.987543,-3.0
216508643,Western Bulldogs,1,6.703131,2.0
216508643,Western Bulldogs,2,12.242401,0.0
216508643,Western Bulldogs,3,10.70185,0.0
216508643,Western Bulldogs,4,10.067635,3.0
216514721,Hawthorn,1,7.2300878,8.0
216514721,Hawthorn,2,7.6758146,-6.0
216514721,Hawthorn,3,7.7283344,-10.0
216514721,Hawthorn,4,7.287012,1.0
216514721,Sydney Swans,1,12.0429535,-8.0
216514721,Sydney Swans,2,9.462703,6.0
216514721,Sydney Swans,3,11.972113,10.0
216514721,Sydney Swans,4,13.687786,-1.0
216515312,GWS Giants,1,11.445917,4.0
216515312,GWS Giants,2,12.870771,3.0
216515312,GWS Giants,3,11.700433,1.0
216515312,GWS Giants,4,10.76554,4.0
216515312,Richmond,1,7.353167,-4.0
216515312,Richmond,2,7.3634443,-3.0
216515312,Richmond,3,7.1699157,-1.0
216515312,Richmond,4,7.5068336,-4.0
216515681,Carlton,1,11.685695,23.0
216515681,Carlton,2,7.045184,-11.0
216515681,Carlton,3,7.5583496,-7.0
216515681,Carlton,4,11.966409,2.0
216515681,North Melbourne,1,5.3362994,-23.0
216515681,North Melbourne,2,10.882498,11.0
216515681,North Melbourne,3,14.268197,7.0
216515681,North Melbourne,4,6.872565,-2.0
216516242,Collingwood,1,12.979368,14.0
216516242,Collingwood,2,5.7423124,-25.0
216516242,Collingwood,3,6.1729918,-33.0
216516242,Collingwood,4,5.750814,-22.0
216516242,West Coast Eagles,1,5.937919,-14.0
216516242,West Coast Eagles,2,12.019953,25.0
216516242,West Coast Eagles,3,11.477541,33.0
216516242,West Coast Eagles,4,13.234699,22.0
216517122,Adelaide Crows,1,6.7296867,0.0
216517122,Adelaide Crows,2,8.583766,-7.0
216517122,Adelaide Crows,3,6.812313,1.0
216517122,Adelaide Crows,4,8.395538,3.0
216517122,Essendon,1,11.238117,0.0
216517122,Essendon,2,7.074917,7.0
216517122,Essendon,3,10.757416,-1.0
216517122,Essendon,4,13.622978,-3.0
216517202,Brisbane Lions,1,9.938376,0.0
216517202,Brisbane Lions,2,6.742466,14.0
216517202,Brisbane Lions,3,6.3208637,4.0
216517202,Brisbane Lions,4,11.750488,-14.0
216517202,Melbourne,1,10.92195,0.0
216517202,Melbourne,2,11.815691,-14.0
216517202,Melbourne,3,11.796991,-4.0
216517202,Melbourne,4,8.911573,14.0
216517683,Fremantle,1,7.991305,-6.0
216517683,Fremantle,2,11.82253,-12.0
216517683,Fremantle,3,11.484784,0.0
216517683,Fremantle,4,6.158278,-14.0
216517683,Geelong Cats,1,10.683948,6.0
216517683,Geelong Cats,2,7.820305,12.0
216517683,Geelong Cats,3,6.8734593,0.0
216517683,Geelong Cats,4,11.460565,14.0
216518241,Port Adelaide,1,8.218336,6.0
216518241,Port Adelaide,2,12.023503,-9.0
216518241,Port Adelaide,3,13.831799,2.0
216518241,Port Adelaide,4,5.8759136,-28.0
216518241,St Kilda,1,9.61681,-6.0
216518241,St Kilda,2,6.910435,9.0
216518241,St Kilda,3,8.171797,-2.0
216518241,St Kilda,4,10.220901,28.0
216523315,Brisbane Lions,1,12.383274,24.0
216523315,Brisbane Lions,2,12.485211,-4.0
216523315,Brisbane Lions,3,12.273954,24.0
216523315,Brisbane Lions,4,11.693362,19.0
216523315,Essendon,1,6.911505,-24.0
216523315,Essendon,2,6.557325,4.0
216523315,Essendon,3,5.381244,-24.0
216523315,Essendon,4,6.8171587,-19.0
216525394,Melbourne,1,7.5803733,-18.0
216525394,Melbourne,2,5.751641,-15.0
216525394,Melbourne,3,6.5416455,-13.0
216525394,Melbourne,4,6.779004,-5.0
216525394,Port Adelaide,1,12.597254,18.0
216525394,Port Adelaide,2,11.928313,15.0
216525394,Port Adelaide,3,12.198312,13.0
216525394,Port Adelaide,4,13.645542,5.0
216525953,Richmond,1,11.178714,20.0
216525953,Richmond,2,12.135055,21.0
216525953,Richmond,3,6.7492857,4.0
216525953,Richmond,4,7.0897245,-4.0
216525953,Western Bulldogs,1,5.454791,-20.0
216525953,Western Bulldogs,2,5.3165736,-21.0
216525953,Western Bulldogs,3,10.916997,-4.0
216525953,Western Bulldogs,4,8.20224,4.0
216526354,Carlton,1,11.229059,19.0
216526354,Carlton,2,7.835757,-32.0
216526354,Carlton,3,7.373303,-11.0
216526354,Carlton,4,5.628198,-7.0
216526354,Hawthorn,1,7.586531,-19.0
216526354,Hawthorn,2,12.100553,32.0
216526354,Hawthorn,3,10.346288,11.0
216526354,Hawthorn,4,12.699223,7.0
